-- Membuat Tabel T_AGENT
CREATE TABLE T_AGENT (
    AGENT_CODE VARCHAR(10) PRIMARY KEY,
    AGENT_NAME VARCHAR(50),
    AGENT_OFFICE VARCHAR(50),
    BASIC_COMMISSION DECIMAL(5,2)
);

-- Mengisi Data T_AGENT
INSERT INTO T_AGENT (AGENT_CODE, AGENT_NAME, AGENT_OFFICE, BASIC_COMMISSION) VALUES ('AG001', 'LIDYA', 'JAKARTA', NULL);
INSERT INTO T_AGENT (AGENT_CODE, AGENT_NAME, AGENT_OFFICE, BASIC_COMMISSION) VALUES ('AG002', 'RUDI', 'BALI', NULL);
INSERT INTO T_AGENT (AGENT_CODE, AGENT_NAME, AGENT_OFFICE, BASIC_COMMISSION) VALUES ('AG003', 'DICKY', 'BALI', NULL);
INSERT INTO T_AGENT (AGENT_CODE, AGENT_NAME, AGENT_OFFICE, BASIC_COMMISSION) VALUES ('AG004', 'DAVID', 'SURABAYA', NULL);
INSERT INTO T_AGENT (AGENT_CODE, AGENT_NAME, AGENT_OFFICE, BASIC_COMMISSION) VALUES ('AG005', 'FARIZ', 'SURABAYA', NULL);

-- Membuat Tabel T_CLIENT
CREATE TABLE T_CLIENT (
    CLIENT_NUMBER VARCHAR(10) PRIMARY KEY,
    CLIENT_NAME VARCHAR(50),
    BIRTH_DATE DATE
);

-- Mengisi Data T_CLIENT
INSERT INTO T_CLIENT (CLIENT_NUMBER, CLIENT_NAME, BIRTH_DATE) VALUES ('CL001', 'WAYNE ROONEY', DATE '1956-05-11');
INSERT INTO T_CLIENT (CLIENT_NUMBER, CLIENT_NAME, BIRTH_DATE) VALUES ('CL002', 'RYAN GIGGS', DATE '1972-09-03');
INSERT INTO T_CLIENT (CLIENT_NUMBER, CLIENT_NAME, BIRTH_DATE) VALUES ('CL003', 'DAVID BECKHAM', DATE '1985-09-03');
INSERT INTO T_CLIENT (CLIENT_NUMBER, CLIENT_NAME, BIRTH_DATE) VALUES ('CL004', 'MICHAEL OWEN', DATE '2012-09-03');

-- Membuat Tabel T_POLICY
CREATE TABLE T_POLICY (
    POLICY_NUMBER VARCHAR(10) PRIMARY KEY,
    POLICY_SUBMIT_DATE DATE,
    PREMIUM DECIMAL(15,2),
    DISCOUNT INT,
    COMMISSION DECIMAL(15,2),
    CLIENT_NUMBER VARCHAR(10),
    AGENT_CODE VARCHAR(10),
    POLICY_STATUS VARCHAR(20),
    POLICY_DUE_DATE DATE
);

-- Mengisi Data T_POLICY
INSERT INTO T_POLICY (POLICY_NUMBER, POLICY_SUBMIT_DATE, PREMIUM, DISCOUNT, COMMISSION, CLIENT_NUMBER, AGENT_CODE, POLICY_STATUS, POLICY_DUE_DATE) VALUES ('001', DATE '2018-01-05', 18600000.00, 10, 930000.00, 'CL001', 'AG001', 'INFORCE', NULL);
INSERT INTO T_POLICY (POLICY_NUMBER, POLICY_SUBMIT_DATE, PREMIUM, DISCOUNT, COMMISSION, CLIENT_NUMBER, AGENT_CODE, POLICY_STATUS, POLICY_DUE_DATE) VALUES ('002', DATE '2018-01-05', 2500000.00, 10, 125000.00, 'CL002', 'AG002', 'INFORCE', NULL);
INSERT INTO T_POLICY (POLICY_NUMBER, POLICY_SUBMIT_DATE, PREMIUM, DISCOUNT, COMMISSION, CLIENT_NUMBER, AGENT_CODE, POLICY_STATUS, POLICY_DUE_DATE) VALUES ('003', DATE '2018-01-10', 2500000.00, 10, 125000.00, 'CL003', 'AG003', 'TERMINATE', NULL);
INSERT INTO T_POLICY (POLICY_NUMBER, POLICY_SUBMIT_DATE, PREMIUM, DISCOUNT, COMMISSION, CLIENT_NUMBER, AGENT_CODE, POLICY_STATUS, POLICY_DUE_DATE) VALUES ('004', DATE '2018-01-25', 4000000.00, 10, 200000.00, 'CL003', 'AG002', 'PROPOSAL', NULL);
INSERT INTO T_POLICY (POLICY_NUMBER, POLICY_SUBMIT_DATE, PREMIUM, DISCOUNT, COMMISSION, CLIENT_NUMBER, AGENT_CODE, POLICY_STATUS, POLICY_DUE_DATE) VALUES ('005', DATE '2018-01-25', 2625000.00, 10, 131250.00, 'CL004', 'AG002', 'PROPOSAL', NULL);

SELECT table_name FROM user_tables;
DESCRIBE T_AGENT;
SELECT * FROM T_AGENT;
SELECT * FROM T_CLIENT;
SELECT * FROM T_POLICY;